{
  "pipeline": "hybrid",
  "dataset_size": 1379,
  "persona_count": 5.0,
  "requirements_count": 11.0,
  "tests_count": 10.0,
  "traceability_links": 187,
  "review_coverage": 0.5481111224979275,
  "traceability_ratio": 1.0,
  "testability_rate": 0.9094156924421388,
  "ambiguity_ratio": 0.15145541052671377
}
