{
  "pipeline": "manual",
  "dataset_size": 1336,
  "persona_count": 5.0,
  "requirements_count": 10.0,
  "tests_count": 20.0,
  "traceability_links": 140,
  "review_coverage": 0.8833333333333333,
  "traceability_ratio": 0.9555555555555556,
  "testability_rate": 0.9736842105263158,
  "ambiguity_ratio": 0.13333333333333333
}
